{
	"format_version": "1.8.0",
	"animations": {
		"move.fly": {
			"animation_length": 0.5,
			"bones": {
				"Eller": {
					"rotation": {
						"0.0": [0, 0, 0],
						"0.5": [0, 0, -360]
					}
				},
				"Wing1": {
					"rotation": {
						"0.0": [0, 0, 0],
						"0.0417": [0, 0, -25.39957],
						"0.0833": [0, 0, -45.1785],
						"0.125": [0, 0, -61.69444],
						"0.1667": [0, 0, -75.19546],
						"0.2083": [0, 0, -85.54263],
						"0.25": [0, 0, -92.35809],
						"0.2917": [0, 0, -95],
						"0.3333": [0, 0, -36.28608],
						"0.375": [0, 0, -15.41599],
						"0.4167": [0, 0, -6.32902],
						"0.4583": [0, 0, -1.9196],
						"0.5": [0, 0, 0]
					}
				},
				"Wing2": {
					"rotation": {
						"0.0": [0, 0, 0],
						"0.0417": [0, 0, 19.64541],
						"0.0833": [0, 0, 46.07824],
						"0.125": [0, 0, 66.98363],
						"0.1667": [0, 0, 80.91802],
						"0.2083": [0, 0, 89.38634],
						"0.25": [0, 0, 93.75763],
						"0.2917": [0, 0, 95],
						"0.3333": [0, 0, 33.8908],
						"0.375": [0, 0, 15.33698],
						"0.4167": [0, 0, 5.74872],
						"0.4583": [0, 0, 1.18142],
						"0.5": [0, 0, 0]
					}
				}
			}
		},
		"attack1": {
			"animation_length": 0.75,
			"bones": {
				"HeadTop": {
					"rotation": {
						"0.0": [0, 0, 0],
						"0.0417": [-27.35094, 0, 0],
						"0.0833": [-34.64716, 0, 0],
						"0.125": [-37.67554, 0, 0],
						"0.1667": [-39.14791, 0, 0],
						"0.2083": [-39.81745, 0, 0],
						"0.25": [-40, 0, 0],
						"0.2917": [-39.55151, 0, 0],
						"0.3333": [-37.796, 0, 0],
						"0.375": [-33.6295, 0, 0],
						"0.4167": [-25.89919, 0, 0],
						"0.4583": [-17.67551, 0, 0],
						"0.5": [-11.86734, 0, 0],
						"0.5417": [-7.92396, 0, 0],
						"0.5833": [-5.15254, 0, 0],
						"0.625": [-3.16116, 0, 0],
						"0.6667": [-1.72324, 0, 0],
						"0.7083": [-0.70014, 0, 0],
						"0.75": [0, 0, 0]
					}
				},
				"HeadBottom": {
					"rotation": {
						"0.0": [0, 0, 0],
						"0.0417": [14.7403, 0, 0],
						"0.0833": [25.94797, 0, 0],
						"0.125": [33.43081, 0, 0],
						"0.1667": [37.66041, 0, 0],
						"0.2083": [39.54272, 0, 0],
						"0.25": [40, 0, 0],
						"0.2917": [33.8481, 0, 0],
						"0.375": [21.22173, 0, 0],
						"0.4167": [15.32596, 0, 0],
						"0.4583": [10.32382, 0, 0],
						"0.5": [6.51756, 0, 0],
						"0.5417": [3.86061, 0, 0],
						"0.5833": [2.11019, 0, 0],
						"0.625": [1.01386, 0, 0],
						"0.6667": [0.37877, 0, 0],
						"0.7083": [0.07136, 0, 0],
						"0.75": [0, 0, 0]
					}
				},
				"Neck2": {
					"rotation": {
						"0.0": [0, 0, 0],
						"0.0417": [3.17684, 0, 0],
						"0.0833": [6.08046, 0, 0],
						"0.125": [8.58006, 0, 0],
						"0.1667": [10.58575, 0, 0],
						"0.2083": [11.96556, 0, 0],
						"0.25": [12.5, 0, 0],
						"0.2917": [9.33768, 0, 0],
						"0.3333": [6.43016, 0, 0],
						"0.375": [3.84352, 0, 0],
						"0.4167": [1.65726, 0, 0],
						"0.4583": [-0.04387, 0, 0],
						"0.5": [-1.19157, 0, 0],
						"0.5417": [-1.7677, 0, 0],
						"0.5833": [-1.83741, 0, 0],
						"0.625": [-1.54137, 0, 0],
						"0.75": [0, 0, 0]
					}
				},
				"Neck1": {
					"position": {
						"0.0": [0, 0, 0],
						"0.0417": [0, 0, -2.30454],
						"0.0833": [0, 0, -3.63349],
						"0.125": [0, 0, -4.36296],
						"0.1667": [0, 0, -4.75723],
						"0.2083": [0, 0, -4.94665],
						"0.25": [0, 0, -5],
						"0.2917": [0, 0, -4.84495],
						"0.3333": [0, 0, -4.61462],
						"0.375": [0, 0, -4.29599],
						"0.4167": [0, 0, -3.87675],
						"0.4583": [0, 0, -3.35084],
						"0.5": [0, 0, -2.72992],
						"0.5417": [0, 0, -2.05791],
						"0.5833": [0, 0, -1.40911],
						"0.625": [0, 0, -0.85645],
						"0.6667": [0, 0, -0.43851],
						"0.7083": [0, 0, -0.15819],
						"0.75": [0, 0, 0]
					}
				}
			}
		},
		"attack2": {
			"animation_length": 1,
			"bones": {
				"HeadTop": {
					"rotation": {
						"0.0": [0, 0, 0],
						"0.0417": [-15.27484, 0, 0],
						"0.0833": [-26.61234, 0, 0],
						"0.125": [-33.17901, 0, 0],
						"0.1667": [-37.18848, 0, 0],
						"0.2083": [-40.09263, 0, 0],
						"0.25": [-42.5, 0, 0],
						"0.5833": [-42.5, 0, 0],
						"0.625": [-25.78941, 0, 0],
						"0.6667": [-14.64523, 0, 0],
						"0.7083": [-8.27993, 0, 0],
						"0.75": [-4.68453, 0, 0],
						"0.7917": [-2.59513, 0, 0],
						"0.8333": [-1.3613, 0, 0],
						"0.875": [-0.64045, 0, 0],
						"0.9167": [-0.24197, 0, 0],
						"0.9583": [-0.05206, 0, 0],
						"1.0": [0, 0, 0]
					}
				},
				"HeadBottom": {
					"rotation": {
						"0.0": [0, 0, 0],
						"0.0417": [33.60248, 0, 0],
						"0.0833": [45.95862, 0, 0],
						"0.125": [51.45369, 0, 0],
						"0.1667": [54.4421, 0, 0],
						"0.2083": [56.27533, 0, 0],
						"0.25": [57.5, 0, 0],
						"0.2917": [60.92901, 0, 0],
						"0.3333": [62.86061, 0, 0],
						"0.375": [63.78814, 0, 0],
						"0.4167": [63.94334, 0, 0],
						"0.4583": [63.43643, 0, 0],
						"0.5": [62.29416, 0, 0],
						"0.5417": [60.43962, 0, 0],
						"0.5833": [57.5, 0, 0],
						"0.625": [36.727, 0, 0],
						"0.6667": [24.85044, 0, 0],
						"0.7083": [16.79582, 0, 0],
						"0.75": [11.04002, 0, 0],
						"0.7917": [6.87631, 0, 0],
						"0.8333": [3.90707, 0, 0],
						"0.875": [1.8817, 0, 0],
						"0.9167": [0.63108, 0, 0],
						"0.9583": [0.03396, 0, 0],
						"1.0": [0, 0, 0]
					}
				},
				"Neck2": {
					"rotation": {
						"0.0": [0, 0, 0],
						"0.0417": [-16.63445, 0, 0],
						"0.0833": [-22.2763, 0, 0],
						"0.125": [-25.02003, 0, 0],
						"0.1667": [-26.4795, 0, 0],
						"0.2083": [-27.21903, 0, 0],
						"0.25": [-27.5, 0, 0],
						"0.2917": [-25.71317, 0, 0],
						"0.3333": [-24.44123, 0, 0],
						"0.375": [-23.70372, 0, 0],
						"0.4167": [-23.50995, 0, 0],
						"0.4583": [-23.85271, 0, 0],
						"0.5": [-24.69622, 0, 0],
						"0.5417": [-25.9605, 0, 0],
						"0.5833": [-27.5, 0, 0],
						"0.625": [-19.86008, 0, 0],
						"0.6667": [-14.79923, 0, 0],
						"0.7083": [-11.06981, 0, 0],
						"0.75": [-8.1927, 0, 0],
						"0.7917": [-5.92306, 0, 0],
						"0.8333": [-4.11628, 0, 0],
						"0.875": [-2.67787, 0, 0],
						"0.9167": [-1.54229, 0, 0],
						"0.9583": [-0.66178, 0, 0],
						"1.0": [0, 0, 0]
					}
				},
				"Neck1": {
					"rotation": {
						"0.0": [0, 0, 0],
						"0.0417": [-13.37995, 0, 0],
						"0.0833": [-19.48395, 0, 0],
						"0.125": [-22.44978, 0, 0],
						"0.1667": [-24.00853, 0, 0],
						"0.2083": [-24.76554, 0, 0],
						"0.25": [-25, 0, 0],
						"0.5833": [-25, 0, 0],
						"0.625": [-17.44924, 0, 0],
						"0.6667": [-12.66531, 0, 0],
						"0.7083": [-9.19484, 0, 0],
						"0.75": [-6.54737, 0, 0],
						"0.7917": [-4.48832, 0, 0],
						"0.8333": [-2.88679, 0, 0],
						"0.875": [-1.66499, 0, 0],
						"0.9167": [-0.77889, 0, 0],
						"0.9583": [-0.21335, 0, 0],
						"1.0": [0, 0, 0]
					},
					"position": {
						"0.0": [0, 0, 0],
						"0.0417": [0, 0, -2.68673],
						"0.0833": [0, 0, -3.99036],
						"0.125": [0, 0, -4.57961],
						"0.1667": [0, 0, -4.85319],
						"0.2083": [0, 0, -4.96997],
						"0.25": [0, 0, -5],
						"0.2917": [0, -0.35924, -4.75855],
						"0.3333": [0, -0.58942, -4.59667],
						"0.375": [0, -0.70904, -4.50715],
						"0.4167": [0, -0.73144, -4.48471],
						"0.4583": [0, -0.66623, -4.52541],
						"0.5": [0, -0.52019, -4.62628],
						"0.5417": [0, -0.29756, -4.78506],
						"0.5833": [0, 0, -5],
						"0.625": [0, 0, -3.94004],
						"0.6667": [0, 0, -3.15025],
						"0.7083": [0, 0, -2.49533],
						"0.75": [0, 0, -1.93082],
						"0.7917": [0, 0, -1.43701],
						"0.8333": [0, 0, -1.0051],
						"0.875": [0, 0, -0.63314],
						"0.9167": [0, 0, -0.32605],
						"0.9583": [0, 0, -0.09973],
						"1.0": [0, 0, 0]
					}
				},
				"Lightning": {
					"rotation": {
						"0.0": [0, 0, 0],
						"0.25": [0, 0, 0]
					},
					"position": {
						"0.0": [0, 0, 0],
						"0.25": [0, 0, -3],
						"0.5833": [0, 0, -3],
						"1.0": [0, 0, 0]
					},
					"scale": {
						"0.0": [1, 1, 1],
						"0.25": {"pre": [1, 1, 1], "post": [1, 1, 300]},